,u
0,-8.45
1,-6.16
2,-4.39
3,-3.02
4,-1.98
5,-1.20
6,-0.61
7,-0.17
8,0.15
9,0.37
10,0.52
11,0.61
12,0.66
13,0.67
14,0.66
15,0.63
16,0.59
17,0.54
18,0.48
19,0.41
20,0.34
21,0.28
22,0.21
23,0.15
24,0.09
25,0.04
26,-0.01
27,-0.04
28,-0.05
29,-0.04
30,-6.25
31,-4.44
32,-3.05
33,-1.99
34,-1.19
35,-0.58
36,-0.14
37,0.19
38,0.41
39,0.57
40,0.66
41,0.72
42,0.74
43,0.73
44,0.70
45,0.66
46,0.61
47,0.55
48,0.49
49,0.42
50,0.35
51,0.28
52,0.22
53,0.15
54,0.10
55,0.05
56,0.00
57,-0.03
58,-0.04
59,-0.03
60,-4.52
61,-3.10
62,-2.02
63,-1.19
64,-0.57
65,-0.11
66,0.22
67,0.45
68,0.61
69,0.71
70,0.77
71,0.79
72,0.79
73,0.76
74,0.72
75,0.67
76,0.62
77,0.55
78,0.49
79,0.42
80,0.35
81,0.28
82,0.22
83,0.16
84,0.10
85,0.05
86,0.01
87,-0.02
88,-0.03
89,-0.03
90,-3.18
91,-2.06
92,-1.21
93,-0.58
94,-0.11
95,0.24
96,0.48
97,0.65
98,0.75
99,0.81
100,0.84
101,0.84
102,0.82
103,0.78
104,0.73
105,0.67
106,0.61
107,0.55
108,0.48
109,0.41
110,0.35
111,0.28
112,0.22
113,0.16
114,0.11
115,0.06
116,0.02
117,-0.01
118,-0.03
119,-0.02
120,-2.13
121,-1.26
122,-0.60
123,-0.11
124,0.25
125,0.50
126,0.67
127,0.79
128,0.85
129,0.88
130,0.88
131,0.86
132,0.83
133,0.78
134,0.73
135,0.67
136,0.61
137,0.54
138,0.47
139,0.41
140,0.34
141,0.28
142,0.22
143,0.16
144,0.11
145,0.06
146,0.02
147,-0.01
148,-0.02
149,-0.02
150,-1.32
151,-0.64
152,-0.13
153,0.24
154,0.51
155,0.69
156,0.81
157,0.88
158,0.92
159,0.92
160,0.90
161,0.87
162,0.83
163,0.78
164,0.72
165,0.66
166,0.59
167,0.53
168,0.46
169,0.40
170,0.33
171,0.27
172,0.21
173,0.16
174,0.11
175,0.06
176,0.03
177,-0.00
178,-0.02
179,-0.02
180,-0.70
181,-0.17
182,0.22
183,0.50
184,0.70
185,0.83
186,0.91
187,0.94
188,0.95
189,0.94
190,0.91
191,0.87
192,0.82
193,0.76
194,0.70
195,0.64
196,0.58
197,0.51
198,0.45
199,0.38
200,0.32
201,0.26
202,0.21
203,0.15
204,0.11
205,0.06
206,0.03
207,0.00
208,-0.01
209,-0.02
210,-0.22
211,0.19
212,0.49
213,0.70
214,0.83
215,0.92
216,0.97
217,0.98
218,0.97
219,0.94
220,0.91
221,0.86
222,0.80
223,0.74
224,0.68
225,0.62
226,0.56
227,0.49
228,0.43
229,0.37
230,0.31
231,0.25
232,0.20
233,0.15
234,0.10
235,0.06
236,0.03
237,0.00
238,-0.01
239,-0.01
240,0.14
241,0.46
242,0.68
243,0.83
244,0.93
245,0.98
246,1.00
247,1.00
248,0.97
249,0.94
250,0.89
251,0.84
252,0.78
253,0.72
254,0.66
255,0.60
256,0.54
257,0.47
258,0.41
259,0.36
260,0.30
261,0.24
262,0.19
263,0.15
264,0.10
265,0.06
266,0.03
267,0.00
268,-0.01
269,-0.01
270,0.41
271,0.65
272,0.82
273,0.92
274,0.99
275,1.01
276,1.01
277,1.00
278,0.96
279,0.92
280,0.87
281,0.82
282,0.76
283,0.70
284,0.64
285,0.57
286,0.51
287,0.45
288,0.40
289,0.34
290,0.29
291,0.23
292,0.19
293,0.14
294,0.10
295,0.06
296,0.03
297,0.01
298,-0.01
299,-0.01
300,0.60
301,0.79
302,0.91
303,0.98
304,1.02
305,1.03
306,1.01
307,0.99
308,0.95
309,0.90
310,0.85
311,0.79
312,0.73
313,0.67
314,0.61
315,0.55
316,0.49
317,0.44
318,0.38
319,0.33
320,0.27
321,0.22
322,0.18
323,0.13
324,0.09
325,0.06
326,0.03
327,0.01
328,-0.01
329,-0.01
330,0.75
331,0.88
332,0.97
333,1.02
334,1.03
335,1.03
336,1.00
337,0.97
338,0.92
339,0.87
340,0.82
341,0.76
342,0.70
343,0.64
344,0.58
345,0.53
346,0.47
347,0.42
348,0.36
349,0.31
350,0.26
351,0.21
352,0.17
353,0.13
354,0.09
355,0.06
356,0.03
357,0.01
358,-0.01
359,-0.01
360,0.84
361,0.95
362,1.00
363,1.03
364,1.03
365,1.01
366,0.98
367,0.94
368,0.89
369,0.84
370,0.79
371,0.73
372,0.67
373,0.61
374,0.56
375,0.50
376,0.45
377,0.40
378,0.34
379,0.30
380,0.25
381,0.20
382,0.16
383,0.12
384,0.09
385,0.06
386,0.03
387,0.01
388,-0.01
389,-0.01
390,0.91
391,0.98
392,1.02
393,1.03
394,1.02
395,0.99
396,0.96
397,0.91
398,0.86
399,0.81
400,0.75
401,0.70
402,0.64
403,0.59
404,0.53
405,0.48
406,0.43
407,0.38
408,0.33
409,0.28
410,0.24
411,0.19
412,0.15
413,0.12
414,0.08
415,0.05
416,0.03
417,0.01
418,-0.00
419,-0.01
420,0.95
421,1.00
422,1.02
423,1.02
424,1.00
425,0.96
426,0.92
427,0.88
428,0.83
429,0.77
430,0.72
431,0.67
432,0.61
433,0.56
434,0.51
435,0.45
436,0.41
437,0.36
438,0.31
439,0.27
440,0.22
441,0.18
442,0.15
443,0.11
444,0.08
445,0.05
446,0.03
447,0.01
448,-0.00
449,-0.01
450,0.96
451,1.00
452,1.01
453,0.99
454,0.97
455,0.93
456,0.89
457,0.84
458,0.79
459,0.74
460,0.69
461,0.63
462,0.58
463,0.53
464,0.48
465,0.43
466,0.38
467,0.34
468,0.30
469,0.25
470,0.21
471,0.18
472,0.14
473,0.11
474,0.08
475,0.05
476,0.03
477,0.01
478,-0.00
479,-0.01
480,0.97
481,0.99
482,0.98
483,0.97
484,0.94
485,0.90
486,0.86
487,0.81
488,0.76
489,0.71
490,0.65
491,0.60
492,0.55
493,0.50
494,0.46
495,0.41
496,0.36
497,0.32
498,0.28
499,0.24
500,0.20
501,0.17
502,0.13
503,0.10
504,0.07
505,0.05
506,0.02
507,0.01
508,-0.00
509,-0.01
510,0.96
511,0.97
512,0.96
513,0.94
514,0.90
515,0.86
516,0.82
517,0.77
518,0.72
519,0.67
520,0.62
521,0.57
522,0.53
523,0.48
524,0.43
525,0.39
526,0.35
527,0.30
528,0.27
529,0.23
530,0.19
531,0.16
532,0.13
533,0.10
534,0.07
535,0.04
536,0.02
537,0.01
538,-0.00
539,-0.01
540,0.94
541,0.94
542,0.93
543,0.90
544,0.87
545,0.83
546,0.78
547,0.74
548,0.69
549,0.64
550,0.59
551,0.54
552,0.50
553,0.45
554,0.41
555,0.37
556,0.33
557,0.29
558,0.25
559,0.22
560,0.18
561,0.15
562,0.12
563,0.09
564,0.06
565,0.04
566,0.02
567,0.01
568,-0.00
569,-0.01
570,0.91
571,0.91
572,0.89
573,0.87
574,0.83
575,0.79
576,0.75
577,0.70
578,0.65
579,0.61
580,0.56
581,0.52
582,0.47
583,0.43
584,0.39
585,0.35
586,0.31
587,0.27
588,0.24
589,0.20
590,0.17
591,0.14
592,0.11
593,0.09
594,0.06
595,0.04
596,0.02
597,0.01
598,-0.00
599,-0.01
600,0.89
601,0.88
602,0.86
603,0.83
604,0.79
605,0.75
606,0.71
607,0.67
608,0.62
609,0.58
610,0.53
611,0.49
612,0.45
613,0.41
614,0.37
615,0.33
616,0.29
617,0.26
618,0.23
619,0.19
620,0.16
621,0.13
622,0.11
623,0.08
624,0.06
625,0.04
626,0.02
627,0.01
628,-0.00
629,-0.00
630,0.85
631,0.84
632,0.82
633,0.79
634,0.76
635,0.72
636,0.67
637,0.63
638,0.59
639,0.55
640,0.50
641,0.46
642,0.42
643,0.39
644,0.35
645,0.31
646,0.28
647,0.24
648,0.21
649,0.18
650,0.15
651,0.13
652,0.10
653,0.08
654,0.05
655,0.04
656,0.02
657,0.01
658,-0.00
659,-0.00
660,0.82
661,0.81
662,0.78
663,0.75
664,0.72
665,0.68
666,0.64
667,0.60
668,0.56
669,0.52
670,0.48
671,0.44
672,0.40
673,0.36
674,0.33
675,0.30
676,0.26
677,0.23
678,0.20
679,0.17
680,0.15
681,0.12
682,0.10
683,0.07
684,0.05
685,0.03
686,0.02
687,0.01
688,-0.00
689,-0.00
690,0.79
691,0.77
692,0.75
693,0.72
694,0.68
695,0.65
696,0.61
697,0.57
698,0.53
699,0.49
700,0.45
701,0.42
702,0.38
703,0.34
704,0.31
705,0.28
706,0.25
707,0.22
708,0.19
709,0.16
710,0.14
711,0.11
712,0.09
713,0.07
714,0.05
715,0.03
716,0.02
717,0.01
718,-0.00
719,-0.00
720,0.75
721,0.74
722,0.71
723,0.68
724,0.65
725,0.61
726,0.58
727,0.54
728,0.50
729,0.46
730,0.43
731,0.39
732,0.36
733,0.33
734,0.29
735,0.26
736,0.23
737,0.21
738,0.18
739,0.15
740,0.13
741,0.11
742,0.09
743,0.06
744,0.05
745,0.03
746,0.02
747,0.01
748,-0.00
749,-0.00
750,0.72
751,0.70
752,0.68
753,0.65
754,0.62
755,0.58
756,0.55
757,0.51
758,0.47
759,0.44
760,0.41
761,0.37
762,0.34
763,0.31
764,0.28
765,0.25
766,0.22
767,0.20
768,0.17
769,0.15
770,0.12
771,0.10
772,0.08
773,0.06
774,0.04
775,0.03
776,0.02
777,0.01
778,-0.00
779,-0.00
780,0.68
781,0.67
782,0.64
783,0.61
784,0.58
785,0.55
786,0.52
787,0.48
788,0.45
789,0.42
790,0.38
791,0.35
792,0.32
793,0.29
794,0.26
795,0.24
796,0.21
797,0.18
798,0.16
799,0.14
800,0.12
801,0.10
802,0.08
803,0.06
804,0.04
805,0.03
806,0.01
807,0.00
808,-0.00
809,-0.00
810,0.65
811,0.63
812,0.61
813,0.58
814,0.55
815,0.52
816,0.49
817,0.46
818,0.42
819,0.39
820,0.36
821,0.33
822,0.30
823,0.28
824,0.25
825,0.22
826,0.20
827,0.17
828,0.15
829,0.13
830,0.11
831,0.09
832,0.07
833,0.05
834,0.04
835,0.03
836,0.01
837,0.00
838,-0.00
839,-0.00
840,0.62
841,0.60
842,0.58
843,0.55
844,0.52
845,0.49
846,0.46
847,0.43
848,0.40
849,0.37
850,0.34
851,0.31
852,0.29
853,0.26
854,0.23
855,0.21
856,0.19
857,0.16
858,0.14
859,0.12
860,0.10
861,0.09
862,0.07
863,0.05
864,0.04
865,0.02
866,0.01
867,0.00
868,-0.00
869,-0.00
870,0.59
871,0.57
872,0.55
873,0.52
874,0.50
875,0.47
876,0.44
877,0.41
878,0.38
879,0.35
880,0.32
881,0.30
882,0.27
883,0.25
884,0.22
885,0.20
886,0.18
887,0.16
888,0.14
889,0.12
890,0.10
891,0.08
892,0.06
893,0.05
894,0.04
895,0.02
896,0.01
897,0.00
898,-0.00
899,-0.00
900,0.56
901,0.54
902,0.52
903,0.49
904,0.47
905,0.44
906,0.41
907,0.39
908,0.36
909,0.33
910,0.31
911,0.28
912,0.26
913,0.23
914,0.21
915,0.19
916,0.17
917,0.15
918,0.13
919,0.11
920,0.09
921,0.08
922,0.06
923,0.05
924,0.03
925,0.02
926,0.01
927,0.00
928,-0.00
929,-0.00
930,0.53
931,0.51
932,0.49
933,0.47
934,0.44
935,0.42
936,0.39
937,0.36
938,0.34
939,0.31
940,0.29
941,0.26
942,0.24
943,0.22
944,0.20
945,0.18
946,0.16
947,0.14
948,0.12
949,0.10
950,0.09
951,0.07
952,0.06
953,0.04
954,0.03
955,0.02
956,0.01
957,0.00
958,-0.00
959,-0.00
960,0.50
961,0.48
962,0.46
963,0.44
964,0.42
965,0.39
966,0.37
967,0.34
968,0.32
969,0.30
970,0.27
971,0.25
972,0.23
973,0.21
974,0.19
975,0.17
976,0.15
977,0.13
978,0.11
979,0.10
980,0.08
981,0.07
982,0.05
983,0.04
984,0.03
985,0.02
986,0.01
987,0.00
988,-0.00
989,-0.00
990,0.47
991,0.46
992,0.44
993,0.42
994,0.40
995,0.37
996,0.35
997,0.33
998,0.30
999,0.28
1000,0.26
1001,0.24
1002,0.22
1003,0.20
1004,0.18
1005,0.16
1006,0.14
1007,0.12
1008,0.11
1009,0.09
1010,0.08
1011,0.06
1012,0.05
1013,0.04
1014,0.03
1015,0.02
1016,0.01
1017,0.00
1018,-0.00
1019,-0.00
1020,0.45
1021,0.43
1022,0.41
1023,0.40
1024,0.37
1025,0.35
1026,0.33
1027,0.31
1028,0.29
1029,0.26
1030,0.24
1031,0.22
1032,0.20
1033,0.18
1034,0.17
1035,0.15
1036,0.13
1037,0.12
1038,0.10
1039,0.09
1040,0.07
1041,0.06
1042,0.05
1043,0.04
1044,0.03
1045,0.02
1046,0.01
1047,0.00
1048,-0.00
1049,-0.00
1050,0.42
1051,0.41
1052,0.39
1053,0.37
1054,0.35
1055,0.33
1056,0.31
1057,0.29
1058,0.27
1059,0.25
1060,0.23
1061,0.21
1062,0.19
1063,0.17
1064,0.16
1065,0.14
1066,0.13
1067,0.11
1068,0.10
1069,0.08
1070,0.07
1071,0.06
1072,0.05
1073,0.03
1074,0.02
1075,0.02
1076,0.01
1077,0.00
1078,-0.00
1079,-0.00
1080,0.40
1081,0.39
1082,0.37
1083,0.35
1084,0.33
1085,0.31
1086,0.29
1087,0.27
1088,0.25
1089,0.24
1090,0.22
1091,0.20
1092,0.18
1093,0.16
1094,0.15
1095,0.13
1096,0.12
1097,0.10
1098,0.09
1099,0.08
1100,0.07
1101,0.05
1102,0.04
1103,0.03
1104,0.02
1105,0.02
1106,0.01
1107,0.00
1108,-0.00
1109,-0.00
1110,0.38
1111,0.36
1112,0.35
1113,0.33
1114,0.32
1115,0.30
1116,0.28
1117,0.26
1118,0.24
1119,0.22
1120,0.20
1121,0.19
1122,0.17
1123,0.16
1124,0.14
1125,0.13
1126,0.11
1127,0.10
1128,0.09
1129,0.07
1130,0.06
1131,0.05
1132,0.04
1133,0.03
1134,0.02
1135,0.01
1136,0.01
1137,0.00
1138,-0.00
1139,-0.00
1140,0.36
1141,0.34
1142,0.33
1143,0.31
1144,0.30
1145,0.28
1146,0.26
1147,0.24
1148,0.23
1149,0.21
1150,0.19
1151,0.18
1152,0.16
1153,0.15
1154,0.13
1155,0.12
1156,0.11
1157,0.09
1158,0.08
1159,0.07
1160,0.06
1161,0.05
1162,0.04
1163,0.03
1164,0.02
1165,0.01
1166,0.01
1167,0.00
1168,-0.00
1169,-0.00
1170,0.34
1171,0.33
1172,0.31
1173,0.30
1174,0.28
1175,0.26
1176,0.25
1177,0.23
1178,0.21
1179,0.20
1180,0.18
1181,0.17
1182,0.15
1183,0.14
1184,0.13
1185,0.11
1186,0.10
1187,0.09
1188,0.08
1189,0.07
1190,0.06
1191,0.05
1192,0.04
1193,0.03
1194,0.02
1195,0.01
1196,0.01
1197,0.00
1198,-0.00
1199,-0.00
1200,0.32
1201,0.31
1202,0.30
1203,0.28
1204,0.27
1205,0.25
1206,0.23
1207,0.22
1208,0.20
1209,0.19
1210,0.17
1211,0.16
1212,0.14
1213,0.13
1214,0.12
1215,0.11
1216,0.09
1217,0.08
1218,0.07
1219,0.06
1220,0.05
1221,0.04
1222,0.03
1223,0.03
1224,0.02
1225,0.01
1226,0.01
1227,0.00
1228,-0.00
1229,-0.00
1230,0.30
1231,0.29
1232,0.28
1233,0.27
1234,0.25
1235,0.24
1236,0.22
1237,0.21
1238,0.19
1239,0.18
1240,0.16
1241,0.15
1242,0.14
1243,0.12
1244,0.11
1245,0.10
1246,0.09
1247,0.08
1248,0.07
1249,0.06
1250,0.05
1251,0.04
1252,0.03
1253,0.02
1254,0.02
1255,0.01
1256,0.01
1257,0.00
1258,-0.00
1259,-0.00
1260,0.28
1261,0.27
1262,0.26
1263,0.25
1264,0.24
1265,0.22
1266,0.21
1267,0.19
1268,0.18
1269,0.17
1270,0.15
1271,0.14
1272,0.13
1273,0.12
1274,0.11
1275,0.09
1276,0.08
1277,0.07
1278,0.06
1279,0.06
1280,0.05
1281,0.04
1282,0.03
1283,0.02
1284,0.02
1285,0.01
1286,0.01
1287,0.00
1288,-0.00
1289,-0.00
1290,0.27
1291,0.26
1292,0.25
1293,0.24
1294,0.22
1295,0.21
1296,0.20
1297,0.18
1298,0.17
1299,0.16
1300,0.15
1301,0.13
1302,0.12
1303,0.11
1304,0.10
1305,0.09
1306,0.08
1307,0.07
1308,0.06
1309,0.05
1310,0.04
1311,0.04
1312,0.03
1313,0.02
1314,0.02
1315,0.01
1316,0.01
1317,0.00
1318,-0.00
1319,-0.00
1320,0.25
1321,0.24
1322,0.23
1323,0.22
1324,0.21
1325,0.20
1326,0.19
1327,0.17
1328,0.16
1329,0.15
1330,0.14
1331,0.13
1332,0.11
1333,0.10
1334,0.09
1335,0.08
1336,0.07
1337,0.07
1338,0.06
1339,0.05
1340,0.04
1341,0.03
1342,0.03
1343,0.02
1344,0.01
1345,0.01
1346,0.01
1347,0.00
1348,-0.00
1349,-0.00
1350,0.24
1351,0.23
1352,0.22
1353,0.21
1354,0.20
1355,0.19
1356,0.18
1357,0.16
1358,0.15
1359,0.14
1360,0.13
1361,0.12
1362,0.11
1363,0.10
1364,0.09
1365,0.08
1366,0.07
1367,0.06
1368,0.05
1369,0.05
1370,0.04
1371,0.03
1372,0.03
1373,0.02
1374,0.01
1375,0.01
1376,0.00
1377,0.00
1378,-0.00
1379,-0.00
1380,0.23
1381,0.22
1382,0.21
1383,0.20
1384,0.19
1385,0.18
1386,0.17
1387,0.15
1388,0.14
1389,0.13
1390,0.12
1391,0.11
1392,0.10
1393,0.09
1394,0.08
1395,0.07
1396,0.07
1397,0.06
1398,0.05
1399,0.04
1400,0.04
1401,0.03
1402,0.02
1403,0.02
1404,0.01
1405,0.01
1406,0.00
1407,0.00
1408,-0.00
1409,-0.00
1410,0.21
1411,0.21
1412,0.20
1413,0.19
1414,0.18
1415,0.17
1416,0.16
1417,0.15
1418,0.14
1419,0.13
1420,0.12
1421,0.11
1422,0.10
1423,0.09
1424,0.08
1425,0.07
1426,0.06
1427,0.06
1428,0.05
1429,0.04
1430,0.03
1431,0.03
1432,0.02
1433,0.02
1434,0.01
1435,0.01
1436,0.00
1437,0.00
1438,-0.00
1439,-0.00
1440,0.20
1441,0.19
1442,0.19
1443,0.18
1444,0.17
1445,0.16
1446,0.15
1447,0.14
1448,0.13
1449,0.12
1450,0.11
1451,0.10
1452,0.09
1453,0.08
1454,0.07
1455,0.07
1456,0.06
1457,0.05
1458,0.05
1459,0.04
1460,0.03
1461,0.03
1462,0.02
1463,0.02
1464,0.01
1465,0.01
1466,0.00
1467,0.00
1468,-0.00
1469,-0.00
1470,0.19
1471,0.18
1472,0.18
1473,0.17
1474,0.16
1475,0.15
1476,0.14
1477,0.13
1478,0.12
1479,0.11
1480,0.10
1481,0.09
1482,0.09
1483,0.08
1484,0.07
1485,0.06
1486,0.06
1487,0.05
1488,0.04
1489,0.04
1490,0.03
1491,0.03
1492,0.02
1493,0.02
1494,0.01
1495,0.01
1496,0.00
1497,0.00
1498,-0.00
1499,-0.00
1500,0.18
1501,0.17
1502,0.17
1503,0.16
1504,0.15
1505,0.14
1506,0.13
1507,0.12
1508,0.11
1509,0.11
1510,0.10
1511,0.09
1512,0.08
1513,0.07
1514,0.07
1515,0.06
1516,0.05
1517,0.05
1518,0.04
1519,0.03
1520,0.03
1521,0.02
1522,0.02
1523,0.01
1524,0.01
1525,0.01
1526,0.00
1527,0.00
1528,-0.00
1529,-0.00
1530,0.17
1531,0.16
1532,0.16
1533,0.15
1534,0.14
1535,0.13
1536,0.12
1537,0.12
1538,0.11
1539,0.10
1540,0.09
1541,0.08
1542,0.08
1543,0.07
1544,0.06
1545,0.06
1546,0.05
1547,0.04
1548,0.04
1549,0.03
1550,0.03
1551,0.02
1552,0.02
1553,0.01
1554,0.01
1555,0.01
1556,0.00
1557,0.00
1558,-0.00
1559,-0.00
1560,0.16
1561,0.15
1562,0.15
1563,0.14
1564,0.13
1565,0.13
1566,0.12
1567,0.11
1568,0.10
1569,0.09
1570,0.09
1571,0.08
1572,0.07
1573,0.07
1574,0.06
1575,0.05
1576,0.05
1577,0.04
1578,0.04
1579,0.03
1580,0.03
1581,0.02
1582,0.02
1583,0.01
1584,0.01
1585,0.01
1586,0.00
1587,0.00
1588,-0.00
1589,-0.00
1590,0.15
1591,0.15
1592,0.14
1593,0.13
1594,0.13
1595,0.12
1596,0.11
1597,0.10
1598,0.10
1599,0.09
1600,0.08
1601,0.07
1602,0.07
1603,0.06
1604,0.06
1605,0.05
1606,0.04
1607,0.04
1608,0.03
1609,0.03
1610,0.02
1611,0.02
1612,0.02
1613,0.01
1614,0.01
1615,0.01
1616,0.00
1617,0.00
1618,-0.00
1619,-0.00
1620,0.14
1621,0.14
1622,0.13
1623,0.13
1624,0.12
1625,0.11
1626,0.10
1627,0.10
1628,0.09
1629,0.08
1630,0.08
1631,0.07
1632,0.06
1633,0.06
1634,0.05
1635,0.05
1636,0.04
1637,0.04
1638,0.03
1639,0.03
1640,0.02
1641,0.02
1642,0.02
1643,0.01
1644,0.01
1645,0.01
1646,0.00
1647,0.00
1648,-0.00
1649,-0.00
1650,0.13
1651,0.13
1652,0.12
1653,0.12
1654,0.11
1655,0.11
1656,0.10
1657,0.09
1658,0.09
1659,0.08
1660,0.07
1661,0.07
1662,0.06
1663,0.06
1664,0.05
1665,0.04
1666,0.04
1667,0.03
1668,0.03
1669,0.03
1670,0.02
1671,0.02
1672,0.01
1673,0.01
1674,0.01
1675,0.01
1676,0.00
1677,0.00
1678,-0.00
1679,-0.00
1680,0.13
1681,0.12
1682,0.12
1683,0.11
1684,0.11
1685,0.10
1686,0.09
1687,0.09
1688,0.08
1689,0.07
1690,0.07
1691,0.06
1692,0.06
1693,0.05
1694,0.05
1695,0.04
1696,0.04
1697,0.03
1698,0.03
1699,0.02
1700,0.02
1701,0.02
1702,0.01
1703,0.01
1704,0.01
1705,0.00
1706,0.00
1707,0.00
1708,-0.00
1709,-0.00
1710,0.12
1711,0.12
1712,0.11
1713,0.11
1714,0.10
1715,0.09
1716,0.09
1717,0.08
1718,0.08
1719,0.07
1720,0.06
1721,0.06
1722,0.05
1723,0.05
1724,0.04
1725,0.04
1726,0.04
1727,0.03
1728,0.03
1729,0.02
1730,0.02
1731,0.02
1732,0.01
1733,0.01
1734,0.01
1735,0.00
1736,0.00
1737,0.00
1738,-0.00
1739,-0.00
1740,0.11
1741,0.11
1742,0.10
1743,0.10
1744,0.09
1745,0.09
1746,0.08
1747,0.08
1748,0.07
1749,0.07
1750,0.06
1751,0.06
1752,0.05
1753,0.05
1754,0.04
1755,0.04
1756,0.03
1757,0.03
1758,0.03
1759,0.02
1760,0.02
1761,0.02
1762,0.01
1763,0.01
1764,0.01
1765,0.00
1766,0.00
1767,0.00
1768,-0.00
1769,-0.00
1770,0.11
1771,0.10
1772,0.10
1773,0.09
1774,0.09
1775,0.08
1776,0.08
1777,0.07
1778,0.07
1779,0.06
1780,0.06
1781,0.05
1782,0.05
1783,0.04
1784,0.04
1785,0.04
1786,0.03
1787,0.03
1788,0.02
1789,0.02
1790,0.02
1791,0.01
1792,0.01
1793,0.01
1794,0.01
1795,0.00
1796,0.00
1797,0.00
1798,-0.00
1799,-0.00
1800,0.10
1801,0.10
1802,0.09
1803,0.09
1804,0.08
1805,0.08
1806,0.07
1807,0.07
1808,0.06
1809,0.06
1810,0.05
1811,0.05
1812,0.05
1813,0.04
1814,0.04
1815,0.03
1816,0.03
1817,0.03
1818,0.02
1819,0.02
1820,0.02
1821,0.01
1822,0.01
1823,0.01
1824,0.01
1825,0.00
1826,0.00
1827,0.00
1828,-0.00
1829,-0.00
1830,0.10
1831,0.09
1832,0.09
1833,0.08
1834,0.08
1835,0.07
1836,0.07
1837,0.07
1838,0.06
1839,0.06
1840,0.05
1841,0.05
1842,0.04
1843,0.04
1844,0.04
1845,0.03
1846,0.03
1847,0.02
1848,0.02
1849,0.02
1850,0.02
1851,0.01
1852,0.01
1853,0.01
1854,0.01
1855,0.00
1856,0.00
1857,0.00
1858,-0.00
1859,-0.00
1860,0.09
1861,0.09
1862,0.08
1863,0.08
1864,0.08
1865,0.07
1866,0.07
1867,0.06
1868,0.06
1869,0.05
1870,0.05
1871,0.04
1872,0.04
1873,0.04
1874,0.03
1875,0.03
1876,0.03
1877,0.02
1878,0.02
1879,0.02
1880,0.01
1881,0.01
1882,0.01
1883,0.01
1884,0.01
1885,0.00
1886,0.00
1887,0.00
1888,-0.00
1889,-0.00
1890,0.08
1891,0.08
1892,0.08
1893,0.07
1894,0.07
1895,0.07
1896,0.06
1897,0.06
1898,0.05
1899,0.05
1900,0.05
1901,0.04
1902,0.04
1903,0.03
1904,0.03
1905,0.03
1906,0.03
1907,0.02
1908,0.02
1909,0.02
1910,0.01
1911,0.01
1912,0.01
1913,0.01
1914,0.00
1915,0.00
1916,0.00
1917,0.00
1918,-0.00
1919,-0.00
1920,0.08
1921,0.08
1922,0.07
1923,0.07
1924,0.07
1925,0.06
1926,0.06
1927,0.05
1928,0.05
1929,0.05
1930,0.04
1931,0.04
1932,0.04
1933,0.03
1934,0.03
1935,0.03
1936,0.02
1937,0.02
1938,0.02
1939,0.02
1940,0.01
1941,0.01
1942,0.01
1943,0.01
1944,0.00
1945,0.00
1946,0.00
1947,0.00
1948,-0.00
1949,-0.00
1950,0.08
1951,0.07
1952,0.07
1953,0.07
1954,0.06
1955,0.06
1956,0.06
1957,0.05
1958,0.05
1959,0.04
1960,0.04
1961,0.04
1962,0.03
1963,0.03
1964,0.03
1965,0.03
1966,0.02
1967,0.02
1968,0.02
1969,0.01
1970,0.01
1971,0.01
1972,0.01
1973,0.01
1974,0.00
1975,0.00
1976,0.00
1977,0.00
1978,-0.00
1979,-0.00
1980,0.07
1981,0.07
1982,0.07
1983,0.06
1984,0.06
1985,0.06
1986,0.05
1987,0.05
1988,0.05
1989,0.04
1990,0.04
1991,0.04
1992,0.03
1993,0.03
1994,0.03
1995,0.02
1996,0.02
1997,0.02
1998,0.02
1999,0.01
2000,0.01
2001,0.01
2002,0.01
2003,0.01
2004,0.00
2005,0.00
2006,0.00
2007,0.00
2008,-0.00
2009,-0.00
2010,0.07
2011,0.07
2012,0.06
2013,0.06
2014,0.06
2015,0.05
2016,0.05
2017,0.05
2018,0.04
2019,0.04
2020,0.04
2021,0.03
2022,0.03
2023,0.03
2024,0.02
2025,0.02
2026,0.02
2027,0.02
2028,0.02
2029,0.01
2030,0.01
2031,0.01
2032,0.01
2033,0.01
2034,0.00
2035,0.00
2036,0.00
2037,0.00
2038,-0.00
2039,-0.00
2040,0.06
2041,0.06
2042,0.06
2043,0.06
2044,0.05
2045,0.05
2046,0.05
2047,0.04
2048,0.04
2049,0.04
2050,0.03
2051,0.03
2052,0.03
2053,0.03
2054,0.02
2055,0.02
2056,0.02
2057,0.02
2058,0.01
2059,0.01
2060,0.01
2061,0.01
2062,0.01
2063,0.01
2064,0.00
2065,0.00
2066,0.00
2067,0.00
2068,-0.00
2069,-0.00
2070,0.06
2071,0.06
2072,0.06
2073,0.05
2074,0.05
2075,0.05
2076,0.04
2077,0.04
2078,0.04
2079,0.04
2080,0.03
2081,0.03
2082,0.03
2083,0.02
2084,0.02
2085,0.02
2086,0.02
2087,0.02
2088,0.01
2089,0.01
2090,0.01
2091,0.01
2092,0.01
2093,0.00
2094,0.00
2095,0.00
2096,0.00
2097,0.00
2098,-0.00
2099,-0.00
2100,0.06
2101,0.05
2102,0.05
2103,0.05
2104,0.05
2105,0.04
2106,0.04
2107,0.04
2108,0.04
2109,0.03
2110,0.03
2111,0.03
2112,0.03
2113,0.02
2114,0.02
2115,0.02
2116,0.02
2117,0.01
2118,0.01
2119,0.01
2120,0.01
2121,0.01
2122,0.01
2123,0.00
2124,0.00
2125,0.00
2126,0.00
2127,0.00
2128,-0.00
2129,-0.00
2130,0.05
2131,0.05
2132,0.05
2133,0.05
2134,0.04
2135,0.04
2136,0.04
2137,0.04
2138,0.03
2139,0.03
2140,0.03
2141,0.03
2142,0.02
2143,0.02
2144,0.02
2145,0.02
2146,0.02
2147,0.01
2148,0.01
2149,0.01
2150,0.01
2151,0.01
2152,0.01
2153,0.00
2154,0.00
2155,0.00
2156,0.00
2157,0.00
2158,-0.00
2159,-0.00
2160,0.05
2161,0.05
2162,0.05
2163,0.04
2164,0.04
2165,0.04
2166,0.04
2167,0.03
2168,0.03
2169,0.03
2170,0.03
2171,0.03
2172,0.02
2173,0.02
2174,0.02
2175,0.02
2176,0.01
2177,0.01
2178,0.01
2179,0.01
2180,0.01
2181,0.01
2182,0.01
2183,0.00
2184,0.00
2185,0.00
2186,0.00
2187,0.00
2188,-0.00
2189,-0.00
2190,0.05
2191,0.05
2192,0.04
2193,0.04
2194,0.04
2195,0.04
2196,0.04
2197,0.03
2198,0.03
2199,0.03
2200,0.03
2201,0.02
2202,0.02
2203,0.02
2204,0.02
2205,0.02
2206,0.01
2207,0.01
2208,0.01
2209,0.01
2210,0.01
2211,0.01
2212,0.01
2213,0.00
2214,0.00
2215,0.00
2216,0.00
2217,0.00
2218,-0.00
2219,-0.00
2220,0.05
2221,0.04
2222,0.04
2223,0.04
2224,0.04
2225,0.04
2226,0.03
2227,0.03
2228,0.03
2229,0.03
2230,0.02
2231,0.02
2232,0.02
2233,0.02
2234,0.02
2235,0.01
2236,0.01
2237,0.01
2238,0.01
2239,0.01
2240,0.01
2241,0.01
2242,0.00
2243,0.00
2244,0.00
2245,0.00
2246,0.00
2247,0.00
2248,-0.00
2249,-0.00
2250,0.04
2251,0.04
2252,0.04
2253,0.04
2254,0.04
2255,0.03
2256,0.03
2257,0.03
2258,0.03
2259,0.02
2260,0.02
2261,0.02
2262,0.02
2263,0.02
2264,0.02
2265,0.01
2266,0.01
2267,0.01
2268,0.01
2269,0.01
2270,0.01
2271,0.01
2272,0.00
2273,0.00
2274,0.00
2275,0.00
2276,0.00
2277,0.00
2278,-0.00
2279,-0.00
2280,0.04
2281,0.04
2282,0.04
2283,0.04
2284,0.03
2285,0.03
2286,0.03
2287,0.03
2288,0.03
2289,0.02
2290,0.02
2291,0.02
2292,0.02
2293,0.02
2294,0.01
2295,0.01
2296,0.01
2297,0.01
2298,0.01
2299,0.01
2300,0.01
2301,0.01
2302,0.00
2303,0.00
2304,0.00
2305,0.00
2306,0.00
2307,0.00
2308,-0.00
2309,-0.00
2310,0.04
2311,0.04
2312,0.04
2313,0.03
2314,0.03
2315,0.03
2316,0.03
2317,0.03
2318,0.02
2319,0.02
2320,0.02
2321,0.02
2322,0.02
2323,0.02
2324,0.01
2325,0.01
2326,0.01
2327,0.01
2328,0.01
2329,0.01
2330,0.01
2331,0.01
2332,0.00
2333,0.00
2334,0.00
2335,0.00
2336,0.00
2337,0.00
2338,-0.00
2339,-0.00
2340,0.04
2341,0.03
2342,0.03
2343,0.03
2344,0.03
2345,0.03
2346,0.03
2347,0.02
2348,0.02
2349,0.02
2350,0.02
2351,0.02
2352,0.02
2353,0.01
2354,0.01
2355,0.01
2356,0.01
2357,0.01
2358,0.01
2359,0.01
2360,0.01
2361,0.00
2362,0.00
2363,0.00
2364,0.00
2365,0.00
2366,0.00
2367,0.00
2368,-0.00
2369,-0.00
2370,0.03
2371,0.03
2372,0.03
2373,0.03
2374,0.03
2375,0.03
2376,0.02
2377,0.02
2378,0.02
2379,0.02
2380,0.02
2381,0.02
2382,0.02
2383,0.01
2384,0.01
2385,0.01
2386,0.01
2387,0.01
2388,0.01
2389,0.01
2390,0.01
2391,0.00
2392,0.00
2393,0.00
2394,0.00
2395,0.00
2396,0.00
2397,0.00
2398,-0.00
2399,-0.00
2400,0.03
2401,0.03
2402,0.03
2403,0.03
2404,0.03
2405,0.03
2406,0.02
2407,0.02
2408,0.02
2409,0.02
2410,0.02
2411,0.02
2412,0.01
2413,0.01
2414,0.01
2415,0.01
2416,0.01
2417,0.01
2418,0.01
2419,0.01
2420,0.01
2421,0.00
2422,0.00
2423,0.00
2424,0.00
2425,0.00
2426,0.00
2427,0.00
2428,-0.00
2429,-0.00
2430,0.03
2431,0.03
2432,0.03
2433,0.03
2434,0.03
2435,0.02
2436,0.02
2437,0.02
2438,0.02
2439,0.02
2440,0.02
2441,0.01
2442,0.01
2443,0.01
2444,0.01
2445,0.01
2446,0.01
2447,0.01
2448,0.01
2449,0.01
2450,0.00
2451,0.00
2452,0.00
2453,0.00
2454,0.00
2455,0.00
2456,0.00
2457,0.00
2458,-0.00
2459,-0.00
2460,0.03
2461,0.03
2462,0.03
2463,0.03
2464,0.02
2465,0.02
2466,0.02
2467,0.02
2468,0.02
2469,0.02
2470,0.02
2471,0.01
2472,0.01
2473,0.01
2474,0.01
2475,0.01
2476,0.01
2477,0.01
2478,0.01
2479,0.01
2480,0.00
2481,0.00
2482,0.00
2483,0.00
2484,0.00
2485,0.00
2486,0.00
2487,0.00
2488,-0.00
2489,-0.00
2490,0.03
2491,0.03
2492,0.02
2493,0.02
2494,0.02
2495,0.02
2496,0.02
2497,0.02
2498,0.02
2499,0.02
2500,0.01
2501,0.01
2502,0.01
2503,0.01
2504,0.01
2505,0.01
2506,0.01
2507,0.01
2508,0.01
2509,0.01
2510,0.00
2511,0.00
2512,0.00
2513,0.00
2514,0.00
2515,0.00
2516,0.00
2517,0.00
2518,-0.00
2519,-0.00
2520,0.03
2521,0.02
2522,0.02
2523,0.02
2524,0.02
2525,0.02
2526,0.02
2527,0.02
2528,0.02
2529,0.01
2530,0.01
2531,0.01
2532,0.01
2533,0.01
2534,0.01
2535,0.01
2536,0.01
2537,0.01
2538,0.01
2539,0.00
2540,0.00
2541,0.00
2542,0.00
2543,0.00
2544,0.00
2545,0.00
2546,0.00
2547,0.00
2548,-0.00
2549,-0.00
2550,0.02
2551,0.02
2552,0.02
2553,0.02
2554,0.02
2555,0.02
2556,0.02
2557,0.02
2558,0.02
2559,0.01
2560,0.01
2561,0.01
2562,0.01
2563,0.01
2564,0.01
2565,0.01
2566,0.01
2567,0.01
2568,0.01
2569,0.00
2570,0.00
2571,0.00
2572,0.00
2573,0.00
2574,0.00
2575,0.00
2576,0.00
2577,0.00
2578,-0.00
2579,-0.00
2580,0.02
2581,0.02
2582,0.02
2583,0.02
2584,0.02
2585,0.02
2586,0.02
2587,0.02
2588,0.01
2589,0.01
2590,0.01
2591,0.01
2592,0.01
2593,0.01
2594,0.01
2595,0.01
2596,0.01
2597,0.01
2598,0.01
2599,0.00
2600,0.00
2601,0.00
2602,0.00
2603,0.00
2604,0.00
2605,0.00
2606,0.00
2607,0.00
2608,-0.00
2609,-0.00
2610,0.02
2611,0.02
2612,0.02
2613,0.02
2614,0.02
2615,0.02
2616,0.02
2617,0.01
2618,0.01
2619,0.01
2620,0.01
2621,0.01
2622,0.01
2623,0.01
2624,0.01
2625,0.01
2626,0.01
2627,0.01
2628,0.00
2629,0.00
2630,0.00
2631,0.00
2632,0.00
2633,0.00
2634,0.00
2635,0.00
2636,0.00
2637,0.00
2638,-0.00
2639,-0.00
2640,0.02
2641,0.02
2642,0.02
2643,0.02
2644,0.02
2645,0.02
2646,0.01
2647,0.01
2648,0.01
2649,0.01
2650,0.01
2651,0.01
2652,0.01
2653,0.01
2654,0.01
2655,0.01
2656,0.01
2657,0.01
2658,0.00
2659,0.00
2660,0.00
2661,0.00
2662,0.00
2663,0.00
2664,0.00
2665,0.00
2666,0.00
2667,0.00
2668,-0.00
2669,-0.00
2670,0.02
2671,0.02
2672,0.02
2673,0.02
2674,0.02
2675,0.01
2676,0.01
2677,0.01
2678,0.01
2679,0.01
2680,0.01
2681,0.01
2682,0.01
2683,0.01
2684,0.01
2685,0.01
2686,0.01
2687,0.00
2688,0.00
2689,0.00
2690,0.00
2691,0.00
2692,0.00
2693,0.00
2694,0.00
2695,0.00
2696,0.00
2697,0.00
2698,-0.00
2699,-0.00
2700,0.02
2701,0.02
2702,0.02
2703,0.02
2704,0.01
2705,0.01
2706,0.01
2707,0.01
2708,0.01
2709,0.01
2710,0.01
2711,0.01
2712,0.01
2713,0.01
2714,0.01
2715,0.01
2716,0.01
2717,0.00
2718,0.00
2719,0.00
2720,0.00
2721,0.00
2722,0.00
2723,0.00
2724,0.00
2725,0.00
2726,0.00
2727,0.00
2728,-0.00
2729,-0.00
2730,0.02
2731,0.02
2732,0.02
2733,0.01
2734,0.01
2735,0.01
2736,0.01
2737,0.01
2738,0.01
2739,0.01
2740,0.01
2741,0.01
2742,0.01
2743,0.01
2744,0.01
2745,0.01
2746,0.00
2747,0.00
2748,0.00
2749,0.00
2750,0.00
2751,0.00
2752,0.00
2753,0.00
2754,0.00
2755,0.00
2756,0.00
2757,0.00
2758,-0.00
2759,-0.00
2760,0.02
2761,0.02
2762,0.01
2763,0.01
2764,0.01
2765,0.01
2766,0.01
2767,0.01
2768,0.01
2769,0.01
2770,0.01
2771,0.01
2772,0.01
2773,0.01
2774,0.01
2775,0.01
2776,0.00
2777,0.00
2778,0.00
2779,0.00
2780,0.00
2781,0.00
2782,0.00
2783,0.00
2784,0.00
2785,0.00
2786,0.00
2787,0.00
2788,-0.00
2789,-0.00
2790,0.02
2791,0.01
2792,0.01
2793,0.01
2794,0.01
2795,0.01
2796,0.01
2797,0.01
2798,0.01
2799,0.01
2800,0.01
2801,0.01
2802,0.01
2803,0.01
2804,0.01
2805,0.01
2806,0.00
2807,0.00
2808,0.00
2809,0.00
2810,0.00
2811,0.00
2812,0.00
2813,0.00
2814,0.00
2815,0.00
2816,0.00
2817,0.00
2818,-0.00
2819,-0.00
2820,0.01
2821,0.01
2822,0.01
2823,0.01
2824,0.01
2825,0.01
2826,0.01
2827,0.01
2828,0.01
2829,0.01
2830,0.01
2831,0.01
2832,0.01
2833,0.01
2834,0.01
2835,0.00
2836,0.00
2837,0.00
2838,0.00
2839,0.00
2840,0.00
2841,0.00
2842,0.00
2843,0.00
2844,0.00
2845,0.00
2846,0.00
2847,0.00
2848,-0.00
2849,-0.00
2850,0.01
2851,0.01
2852,0.01
2853,0.01
2854,0.01
2855,0.01
2856,0.01
2857,0.01
2858,0.01
2859,0.01
2860,0.01
2861,0.01
2862,0.01
2863,0.01
2864,0.00
2865,0.00
2866,0.00
2867,0.00
2868,0.00
2869,0.00
2870,0.00
2871,0.00
2872,0.00
2873,0.00
2874,0.00
2875,0.00
2876,0.00
2877,0.00
2878,-0.00
2879,-0.00
2880,0.01
2881,0.01
2882,0.01
2883,0.01
2884,0.01
2885,0.01
2886,0.01
2887,0.01
2888,0.01
2889,0.01
2890,0.01
2891,0.01
2892,0.01
2893,0.01
2894,0.00
2895,0.00
2896,0.00
2897,0.00
2898,0.00
2899,0.00
2900,0.00
2901,0.00
2902,0.00
2903,0.00
2904,0.00
2905,0.00
2906,0.00
2907,0.00
2908,-0.00
2909,-0.00
2910,0.01
2911,0.01
2912,0.01
2913,0.01
2914,0.01
2915,0.01
2916,0.01
2917,0.01
2918,0.01
2919,0.01
2920,0.01
2921,0.01
2922,0.01
2923,0.00
2924,0.00
2925,0.00
2926,0.00
2927,0.00
2928,0.00
2929,0.00
2930,0.00
2931,0.00
2932,0.00
2933,0.00
2934,0.00
2935,0.00
2936,0.00
2937,0.00
2938,-0.00
2939,-0.00
2940,0.01
2941,0.01
2942,0.01
2943,0.01
2944,0.01
2945,0.01
2946,0.01
2947,0.01
2948,0.01
2949,0.01
2950,0.01
2951,0.01
2952,0.01
2953,0.00
2954,0.00
2955,0.00
2956,0.00
2957,0.00
2958,0.00
2959,0.00
2960,0.00
2961,0.00
2962,0.00
2963,0.00
2964,0.00
2965,0.00
2966,0.00
2967,0.00
2968,-0.00
2969,-0.00
2970,0.01
2971,0.01
2972,0.01
2973,0.01
2974,0.01
2975,0.01
2976,0.01
2977,0.01
2978,0.01
2979,0.01
2980,0.01
2981,0.01
2982,0.00
2983,0.00
2984,0.00
2985,0.00
2986,0.00
2987,0.00
2988,0.00
2989,0.00
2990,0.00
2991,0.00
2992,0.00
2993,0.00
2994,0.00
2995,0.00
2996,0.00
2997,0.00
2998,-0.00
2999,-0.00
3000,0.01
3001,0.01
3002,0.01
3003,0.01
3004,0.01
3005,0.01
3006,0.01
3007,0.01
3008,0.01
3009,0.01
3010,0.01
3011,0.00
3012,0.00
3013,0.00
3014,0.00
3015,0.00
3016,0.00
3017,0.00
3018,0.00
3019,0.00
3020,0.00
3021,0.00
3022,0.00
3023,0.00
3024,0.00
3025,0.00
3026,0.00
3027,0.00
3028,-0.00
3029,-0.00
3030,0.01
3031,0.01
3032,0.01
3033,0.01
3034,0.01
3035,0.01
3036,0.01
3037,0.01
3038,0.01
3039,0.01
3040,0.01
3041,0.00
3042,0.00
3043,0.00
3044,0.00
3045,0.00
3046,0.00
3047,0.00
3048,0.00
3049,0.00
3050,0.00
3051,0.00
3052,0.00
3053,0.00
3054,0.00
3055,0.00
3056,0.00
3057,0.00
3058,-0.00
3059,-0.00
3060,0.01
3061,0.01
3062,0.01
3063,0.01
3064,0.01
3065,0.01
3066,0.01
3067,0.01
3068,0.01
3069,0.01
3070,0.00
3071,0.00
3072,0.00
3073,0.00
3074,0.00
3075,0.00
3076,0.00
3077,0.00
3078,0.00
3079,0.00
3080,0.00
3081,0.00
3082,0.00
3083,0.00
3084,0.00
3085,0.00
3086,0.00
3087,0.00
3088,-0.00
3089,-0.00
3090,0.01
3091,0.01
3092,0.01
3093,0.01
3094,0.01
3095,0.01
3096,0.01
3097,0.01
3098,0.01
3099,0.00
3100,0.00
3101,0.00
3102,0.00
3103,0.00
3104,0.00
3105,0.00
3106,0.00
3107,0.00
3108,0.00
3109,0.00
3110,0.00
3111,0.00
3112,0.00
3113,0.00
3114,0.00
3115,0.00
3116,0.00
3117,0.00
3118,-0.00
3119,-0.00
3120,0.01
3121,0.01
3122,0.01
3123,0.01
3124,0.01
3125,0.01
3126,0.01
3127,0.01
3128,0.01
3129,0.00
3130,0.00
3131,0.00
3132,0.00
3133,0.00
3134,0.00
3135,0.00
3136,0.00
3137,0.00
3138,0.00
3139,0.00
3140,0.00
3141,0.00
3142,0.00
3143,0.00
3144,0.00
3145,0.00
3146,0.00
3147,0.00
3148,-0.00
3149,-0.00
3150,0.01
3151,0.01
3152,0.01
3153,0.01
3154,0.01
3155,0.01
3156,0.01
3157,0.01
3158,0.00
3159,0.00
3160,0.00
3161,0.00
3162,0.00
3163,0.00
3164,0.00
3165,0.00
3166,0.00
3167,0.00
3168,0.00
3169,0.00
3170,0.00
3171,0.00
3172,0.00
3173,0.00
3174,0.00
3175,0.00
3176,0.00
3177,0.00
3178,-0.00
3179,-0.00
3180,0.01
3181,0.01
3182,0.01
3183,0.01
3184,0.01
3185,0.01
3186,0.01
3187,0.00
3188,0.00
3189,0.00
3190,0.00
3191,0.00
3192,0.00
3193,0.00
3194,0.00
3195,0.00
3196,0.00
3197,0.00
3198,0.00
3199,0.00
3200,0.00
3201,0.00
3202,0.00
3203,0.00
3204,0.00
3205,0.00
3206,0.00
3207,0.00
3208,-0.00
3209,-0.00
3210,0.01
3211,0.01
3212,0.01
3213,0.01
3214,0.01
3215,0.01
3216,0.00
3217,0.00
3218,0.00
3219,0.00
3220,0.00
3221,0.00
3222,0.00
3223,0.00
3224,0.00
3225,0.00
3226,0.00
3227,0.00
3228,0.00
3229,0.00
3230,0.00
3231,0.00
3232,0.00
3233,0.00
3234,0.00
3235,0.00
3236,0.00
3237,0.00
3238,-0.00
3239,-0.00
3240,0.01
3241,0.01
3242,0.01
3243,0.01
3244,0.01
3245,0.00
3246,0.00
3247,0.00
3248,0.00
3249,0.00
3250,0.00
3251,0.00
3252,0.00
3253,0.00
3254,0.00
3255,0.00
3256,0.00
3257,0.00
3258,0.00
3259,0.00
3260,0.00
3261,0.00
3262,0.00
3263,0.00
3264,0.00
3265,0.00
3266,0.00
3267,0.00
3268,-0.00
3269,-0.00
3270,0.01
3271,0.01
3272,0.01
3273,0.01
3274,0.01
3275,0.00
3276,0.00
3277,0.00
3278,0.00
3279,0.00
3280,0.00
3281,0.00
3282,0.00
3283,0.00
3284,0.00
3285,0.00
3286,0.00
3287,0.00
3288,0.00
3289,0.00
3290,0.00
3291,0.00
3292,0.00
3293,0.00
3294,0.00
3295,0.00
3296,0.00
3297,0.00
3298,-0.00
3299,-0.00
3300,0.01
3301,0.01
3302,0.01
3303,0.01
3304,0.00
3305,0.00
3306,0.00
3307,0.00
3308,0.00
3309,0.00
3310,0.00
3311,0.00
3312,0.00
3313,0.00
3314,0.00
3315,0.00
3316,0.00
3317,0.00
3318,0.00
3319,0.00
3320,0.00
3321,0.00
3322,0.00
3323,0.00
3324,0.00
3325,0.00
3326,0.00
3327,0.00
3328,-0.00
3329,-0.00
3330,0.01
3331,0.01
3332,0.00
3333,0.00
3334,0.00
3335,0.00
3336,0.00
3337,0.00
3338,0.00
3339,0.00
3340,0.00
3341,0.00
3342,0.00
3343,0.00
3344,0.00
3345,0.00
3346,0.00
3347,0.00
3348,0.00
3349,0.00
3350,0.00
3351,0.00
3352,0.00
3353,0.00
3354,0.00
3355,0.00
3356,0.00
3357,0.00
3358,-0.00
3359,-0.00
3360,0.01
3361,0.00
3362,0.00
3363,0.00
3364,0.00
3365,0.00
3366,0.00
3367,0.00
3368,0.00
3369,0.00
3370,0.00
3371,0.00
3372,0.00
3373,0.00
3374,0.00
3375,0.00
3376,0.00
3377,0.00
3378,0.00
3379,0.00
3380,0.00
3381,0.00
3382,0.00
3383,0.00
3384,0.00
3385,0.00
3386,0.00
3387,0.00
3388,-0.00
3389,-0.00
3390,0.00
3391,0.00
3392,0.00
3393,0.00
3394,0.00
3395,0.00
3396,0.00
3397,0.00
3398,0.00
3399,0.00
3400,0.00
3401,0.00
3402,0.00
3403,0.00
3404,0.00
3405,0.00
3406,0.00
3407,0.00
3408,0.00
3409,0.00
3410,0.00
3411,0.00
3412,0.00
3413,0.00
3414,0.00
3415,0.00
3416,0.00
3417,0.00
3418,-0.00
3419,-0.00
3420,0.00
3421,0.00
3422,0.00
3423,0.00
3424,0.00
3425,0.00
3426,0.00
3427,0.00
3428,0.00
3429,0.00
3430,0.00
3431,0.00
3432,0.00
3433,0.00
3434,0.00
3435,0.00
3436,0.00
3437,0.00
3438,0.00
3439,0.00
3440,0.00
3441,0.00
3442,0.00
3443,0.00
3444,0.00
3445,0.00
3446,0.00
3447,0.00
3448,-0.00
3449,-0.00
3450,0.00
3451,0.00
3452,0.00
3453,0.00
3454,0.00
3455,0.00
3456,0.00
3457,0.00
3458,0.00
3459,0.00
3460,0.00
3461,0.00
3462,0.00
3463,0.00
3464,0.00
3465,0.00
3466,0.00
3467,0.00
3468,0.00
3469,0.00
3470,0.00
3471,0.00
3472,0.00
3473,0.00
3474,0.00
3475,0.00
3476,0.00
3477,0.00
3478,-0.00
3479,-0.00
3480,0.00
3481,0.00
3482,0.00
3483,0.00
3484,0.00
3485,0.00
3486,0.00
3487,0.00
3488,0.00
3489,0.00
3490,0.00
3491,0.00
3492,0.00
3493,0.00
3494,0.00
3495,0.00
3496,0.00
3497,0.00
3498,0.00
3499,0.00
3500,0.00
3501,0.00
3502,0.00
3503,0.00
3504,0.00
3505,0.00
3506,0.00
3507,0.00
3508,-0.00
3509,-0.00
3510,0.00
3511,0.00
3512,0.00
3513,0.00
3514,0.00
3515,0.00
3516,0.00
3517,0.00
3518,0.00
3519,0.00
3520,0.00
3521,0.00
3522,0.00
3523,0.00
3524,0.00
3525,0.00
3526,0.00
3527,0.00
3528,0.00
3529,0.00
3530,0.00
3531,0.00
3532,0.00
3533,0.00
3534,0.00
3535,0.00
3536,0.00
3537,0.00
3538,-0.00
3539,-0.00
3540,0.00
3541,0.00
3542,0.00
3543,0.00
3544,0.00
3545,0.00
3546,0.00
3547,0.00
3548,0.00
3549,0.00
3550,0.00
3551,0.00
3552,0.00
3553,0.00
3554,0.00
3555,0.00
3556,0.00
3557,0.00
3558,0.00
3559,0.00
3560,0.00
3561,0.00
3562,0.00
3563,0.00
3564,0.00
3565,0.00
3566,0.00
3567,0.00
3568,-0.00
3569,-0.00
3570,0.00
3571,0.00
3572,0.00
3573,0.00
3574,0.00
3575,0.00
3576,0.00
3577,0.00
3578,0.00
3579,0.00
3580,0.00
3581,0.00
3582,0.00
3583,0.00
3584,0.00
3585,0.00
3586,0.00
3587,0.00
3588,0.00
3589,0.00
3590,0.00
3591,0.00
3592,0.00
3593,0.00
3594,0.00
3595,0.00
3596,0.00
3597,0.00
3598,-0.00
3599,-0.00
3600,0.00
3601,0.00
3602,0.00
3603,0.00
3604,0.00
3605,0.00
3606,0.00
3607,0.00
3608,0.00
3609,0.00
3610,0.00
3611,0.00
3612,0.00
3613,0.00
3614,0.00
3615,0.00
3616,0.00
3617,0.00
3618,0.00
3619,0.00
3620,0.00
3621,0.00
3622,0.00
3623,0.00
3624,0.00
3625,0.00
3626,0.00
3627,0.00
3628,-0.00
3629,-0.00
3630,0.00
3631,0.00
3632,0.00
3633,0.00
3634,0.00
3635,0.00
3636,0.00
3637,0.00
3638,0.00
3639,0.00
3640,0.00
3641,0.00
3642,0.00
3643,0.00
3644,0.00
3645,0.00
3646,0.00
3647,0.00
3648,0.00
3649,0.00
3650,0.00
3651,0.00
3652,0.00
3653,0.00
3654,0.00
3655,0.00
3656,0.00
3657,0.00
3658,-0.00
3659,-0.00
3660,0.00
3661,0.00
3662,0.00
3663,0.00
3664,0.00
3665,0.00
3666,0.00
3667,0.00
3668,0.00
3669,0.00
3670,0.00
3671,0.00
3672,0.00
3673,0.00
3674,0.00
3675,0.00
3676,0.00
3677,0.00
3678,0.00
3679,0.00
3680,0.00
3681,0.00
3682,0.00
3683,0.00
3684,0.00
3685,0.00
3686,0.00
3687,0.00
3688,-0.00
3689,-0.00
3690,0.00
3691,0.00
3692,0.00
3693,0.00
3694,0.00
3695,0.00
3696,0.00
3697,0.00
3698,0.00
3699,0.00
3700,0.00
3701,0.00
3702,0.00
3703,0.00
3704,0.00
3705,0.00
3706,0.00
3707,0.00
3708,0.00
3709,0.00
3710,0.00
3711,0.00
3712,0.00
3713,0.00
3714,0.00
3715,0.00
3716,0.00
3717,0.00
3718,-0.00
3719,-0.00
3720,0.00
3721,0.00
3722,0.00
3723,0.00
3724,0.00
3725,0.00
3726,0.00
3727,0.00
3728,0.00
3729,0.00
3730,0.00
3731,0.00
3732,0.00
3733,0.00
3734,0.00
3735,0.00
3736,0.00
3737,0.00
3738,0.00
3739,0.00
3740,0.00
3741,0.00
3742,0.00
3743,0.00
3744,0.00
3745,0.00
3746,0.00
3747,0.00
3748,-0.00
3749,-0.00
3750,0.00
3751,0.00
3752,0.00
3753,0.00
3754,0.00
3755,0.00
3756,0.00
3757,0.00
3758,0.00
3759,0.00
3760,0.00
3761,0.00
3762,0.00
3763,0.00
3764,0.00
3765,0.00
3766,0.00
3767,0.00
3768,0.00
3769,0.00
3770,0.00
3771,0.00
3772,0.00
3773,0.00
3774,0.00
3775,0.00
3776,0.00
3777,0.00
3778,-0.00
3779,-0.00
3780,0.00
3781,0.00
3782,0.00
3783,0.00
3784,0.00
3785,0.00
3786,0.00
3787,0.00
3788,0.00
3789,0.00
3790,0.00
3791,0.00
3792,0.00
3793,0.00
3794,0.00
3795,0.00
3796,0.00
3797,0.00
3798,0.00
3799,0.00
3800,0.00
3801,0.00
3802,0.00
3803,0.00
3804,0.00
3805,0.00
3806,0.00
3807,0.00
3808,-0.00
3809,-0.00
3810,0.00
3811,0.00
3812,0.00
3813,0.00
3814,0.00
3815,0.00
3816,0.00
3817,0.00
3818,0.00
3819,0.00
3820,0.00
3821,0.00
3822,0.00
3823,0.00
3824,0.00
3825,0.00
3826,0.00
3827,0.00
3828,0.00
3829,0.00
3830,0.00
3831,0.00
3832,0.00
3833,0.00
3834,0.00
3835,0.00
3836,0.00
3837,0.00
3838,-0.00
3839,-0.00
3840,0.00
3841,0.00
3842,0.00
3843,0.00
3844,0.00
3845,0.00
3846,0.00
3847,0.00
3848,0.00
3849,0.00
3850,0.00
3851,0.00
3852,0.00
3853,0.00
3854,0.00
3855,0.00
3856,0.00
3857,0.00
3858,0.00
3859,0.00
3860,0.00
3861,0.00
3862,0.00
3863,0.00
3864,0.00
3865,0.00
3866,0.00
3867,0.00
3868,-0.00
3869,-0.00
3870,0.00
3871,0.00
3872,0.00
3873,0.00
3874,0.00
3875,0.00
3876,0.00
3877,0.00
3878,0.00
3879,0.00
3880,0.00
3881,0.00
3882,0.00
3883,0.00
3884,0.00
3885,0.00
3886,0.00
3887,0.00
3888,0.00
3889,0.00
3890,0.00
3891,0.00
3892,0.00
3893,0.00
3894,0.00
3895,0.00
3896,0.00
3897,0.00
3898,-0.00
3899,-0.00
3900,0.00
3901,0.00
3902,0.00
3903,0.00
3904,0.00
3905,0.00
3906,0.00
3907,0.00
3908,0.00
3909,0.00
3910,0.00
3911,0.00
3912,0.00
3913,0.00
3914,0.00
3915,0.00
3916,0.00
3917,0.00
3918,0.00
3919,0.00
3920,0.00
3921,0.00
3922,0.00
3923,0.00
3924,0.00
3925,0.00
3926,0.00
3927,0.00
3928,-0.00
3929,-0.00
3930,0.00
3931,0.00
3932,0.00
3933,0.00
3934,0.00
3935,0.00
3936,0.00
3937,0.00
3938,0.00
3939,0.00
3940,0.00
3941,0.00
3942,0.00
3943,0.00
3944,0.00
3945,0.00
3946,0.00
3947,0.00
3948,0.00
3949,0.00
3950,0.00
3951,0.00
3952,0.00
3953,0.00
3954,0.00
3955,0.00
3956,0.00
3957,0.00
3958,-0.00
3959,-0.00
3960,0.00
3961,0.00
3962,0.00
3963,0.00
3964,0.00
3965,0.00
3966,0.00
3967,0.00
3968,0.00
3969,0.00
3970,0.00
3971,0.00
3972,0.00
3973,0.00
3974,0.00
3975,0.00
3976,0.00
3977,0.00
3978,0.00
3979,0.00
3980,0.00
3981,0.00
3982,0.00
3983,0.00
3984,0.00
3985,0.00
3986,0.00
3987,0.00
3988,-0.00
3989,-0.00
3990,0.00
3991,0.00
3992,0.00
3993,0.00
3994,0.00
3995,0.00
3996,0.00
3997,0.00
3998,0.00
3999,0.00
4000,0.00
4001,0.00
4002,0.00
4003,0.00
4004,0.00
4005,0.00
4006,0.00
4007,0.00
4008,0.00
4009,0.00
4010,0.00
4011,0.00
4012,0.00
4013,0.00
4014,0.00
4015,0.00
4016,0.00
4017,0.00
4018,-0.00
4019,-0.00
4020,0.00
4021,0.00
4022,0.00
4023,0.00
4024,0.00
4025,0.00
4026,0.00
4027,0.00
4028,0.00
4029,0.00
4030,0.00
4031,0.00
4032,0.00
4033,0.00
4034,0.00
4035,0.00
4036,0.00
4037,0.00
4038,0.00
4039,0.00
4040,0.00
4041,0.00
4042,0.00
4043,0.00
4044,0.00
4045,0.00
4046,0.00
4047,0.00
4048,-0.00
4049,-0.00
4050,0.00
4051,0.00
4052,0.00
4053,0.00
4054,0.00
4055,0.00
4056,0.00
4057,0.00
4058,0.00
4059,0.00
4060,0.00
4061,0.00
4062,0.00
4063,0.00
4064,0.00
4065,0.00
4066,0.00
4067,0.00
4068,0.00
4069,0.00
4070,0.00
4071,0.00
4072,0.00
4073,0.00
4074,0.00
4075,0.00
4076,0.00
4077,0.00
4078,-0.00
4079,-0.00
4080,0.00
4081,0.00
4082,0.00
4083,0.00
4084,0.00
4085,0.00
4086,0.00
4087,0.00
4088,0.00
4089,0.00
4090,0.00
4091,0.00
4092,0.00
4093,0.00
4094,0.00
4095,0.00
4096,0.00
4097,0.00
4098,0.00
4099,0.00
4100,0.00
4101,0.00
4102,0.00
4103,0.00
4104,0.00
4105,0.00
4106,0.00
4107,0.00
4108,-0.00
4109,-0.00
4110,0.00
4111,0.00
4112,0.00
4113,0.00
4114,0.00
4115,0.00
4116,0.00
4117,0.00
4118,0.00
4119,0.00
4120,0.00
4121,0.00
4122,0.00
4123,0.00
4124,0.00
4125,0.00
4126,0.00
4127,0.00
4128,0.00
4129,0.00
4130,0.00
4131,0.00
4132,0.00
4133,0.00
4134,0.00
4135,0.00
4136,0.00
4137,0.00
4138,-0.00
4139,-0.00
4140,0.00
4141,0.00
4142,0.00
4143,0.00
4144,0.00
4145,0.00
4146,0.00
4147,0.00
4148,0.00
4149,0.00
4150,0.00
4151,0.00
4152,0.00
4153,0.00
4154,0.00
4155,0.00
4156,0.00
4157,0.00
4158,0.00
4159,0.00
4160,0.00
4161,0.00
4162,0.00
4163,0.00
4164,0.00
4165,0.00
4166,0.00
4167,0.00
4168,-0.00
4169,-0.00
4170,0.00
4171,0.00
4172,0.00
4173,0.00
4174,0.00
4175,0.00
4176,0.00
4177,0.00
4178,0.00
4179,0.00
4180,0.00
4181,0.00
4182,0.00
4183,0.00
4184,0.00
4185,0.00
4186,0.00
4187,0.00
4188,0.00
4189,0.00
4190,0.00
4191,0.00
4192,0.00
4193,0.00
4194,0.00
4195,0.00
4196,0.00
4197,0.00
4198,-0.00
4199,-0.00
4200,0.00
4201,0.00
4202,0.00
4203,0.00
4204,0.00
4205,0.00
4206,0.00
4207,0.00
4208,0.00
4209,0.00
4210,0.00
4211,0.00
4212,0.00
4213,0.00
4214,0.00
4215,0.00
4216,0.00
4217,0.00
4218,0.00
4219,0.00
4220,0.00
4221,0.00
4222,0.00
4223,0.00
4224,0.00
4225,0.00
4226,0.00
4227,0.00
4228,-0.00
4229,-0.00
4230,0.00
4231,0.00
4232,0.00
4233,0.00
4234,0.00
4235,0.00
4236,0.00
4237,0.00
4238,0.00
4239,0.00
4240,0.00
4241,0.00
4242,0.00
4243,0.00
4244,0.00
4245,0.00
4246,0.00
4247,0.00
4248,0.00
4249,0.00
4250,0.00
4251,0.00
4252,0.00
4253,0.00
4254,0.00
4255,0.00
4256,0.00
4257,0.00
4258,-0.00
4259,-0.00
4260,0.00
4261,0.00
4262,0.00
4263,0.00
4264,0.00
4265,0.00
4266,0.00
4267,0.00
4268,0.00
4269,0.00
4270,0.00
4271,0.00
4272,0.00
4273,0.00
4274,0.00
4275,0.00
4276,0.00
4277,0.00
4278,0.00
4279,0.00
4280,0.00
4281,0.00
4282,0.00
4283,0.00
4284,0.00
4285,0.00
4286,0.00
4287,0.00
4288,-0.00
4289,-0.00
4290,0.00
4291,0.00
4292,0.00
4293,0.00
4294,0.00
4295,0.00
4296,0.00
4297,0.00
4298,0.00
4299,0.00
4300,0.00
4301,0.00
4302,0.00
4303,0.00
4304,0.00
4305,0.00
4306,0.00
4307,0.00
4308,0.00
4309,0.00
4310,0.00
4311,0.00
4312,0.00
4313,0.00
4314,0.00
4315,0.00
4316,0.00
4317,0.00
4318,-0.00
4319,-0.00
4320,0.00
4321,0.00
4322,0.00
4323,0.00
4324,0.00
4325,0.00
4326,0.00
4327,0.00
4328,0.00
4329,0.00
4330,0.00
4331,0.00
4332,0.00
4333,0.00
4334,0.00
4335,0.00
4336,0.00
4337,0.00
4338,0.00
4339,0.00
4340,0.00
4341,0.00
4342,0.00
4343,0.00
4344,0.00
4345,0.00
4346,0.00
4347,0.00
4348,-0.00
4349,-0.00
4350,0.00
4351,0.00
4352,0.00
4353,0.00
4354,0.00
4355,0.00
4356,0.00
4357,0.00
4358,0.00
4359,0.00
4360,0.00
4361,0.00
4362,0.00
4363,0.00
4364,0.00
4365,0.00
4366,0.00
4367,0.00
4368,0.00
4369,0.00
4370,0.00
4371,0.00
4372,0.00
4373,0.00
4374,0.00
4375,0.00
4376,0.00
4377,0.00
4378,-0.00
4379,-0.00
4380,0.00
4381,0.00
4382,0.00
4383,0.00
4384,0.00
4385,0.00
4386,0.00
4387,0.00
4388,0.00
4389,0.00
4390,0.00
4391,0.00
4392,0.00
4393,0.00
4394,0.00
4395,0.00
4396,0.00
4397,0.00
4398,0.00
4399,0.00
4400,0.00
4401,0.00
4402,0.00
4403,0.00
4404,0.00
4405,0.00
4406,0.00
4407,0.00
4408,-0.00
4409,-0.00
4410,0.00
4411,0.00
4412,0.00
4413,0.00
4414,0.00
4415,0.00
4416,0.00
4417,0.00
4418,0.00
4419,0.00
4420,0.00
4421,0.00
4422,0.00
4423,0.00
4424,0.00
4425,0.00
4426,0.00
4427,0.00
4428,0.00
4429,0.00
4430,0.00
4431,0.00
4432,0.00
4433,0.00
4434,0.00
4435,0.00
4436,0.00
4437,0.00
4438,-0.00
4439,-0.00
4440,0.00
4441,0.00
4442,0.00
4443,0.00
4444,0.00
4445,0.00
4446,0.00
4447,0.00
4448,0.00
4449,0.00
4450,0.00
4451,0.00
4452,0.00
4453,0.00
4454,0.00
4455,0.00
4456,0.00
4457,0.00
4458,0.00
4459,0.00
4460,0.00
4461,0.00
4462,0.00
4463,0.00
4464,0.00
4465,0.00
4466,0.00
4467,0.00
4468,-0.00
4469,-0.00
4470,0.00
4471,0.00
4472,0.00
4473,0.00
4474,0.00
4475,0.00
4476,0.00
4477,0.00
4478,0.00
4479,0.00
4480,0.00
4481,0.00
4482,0.00
4483,0.00
4484,0.00
4485,0.00
4486,0.00
4487,0.00
4488,0.00
4489,0.00
4490,0.00
4491,0.00
4492,0.00
4493,0.00
4494,0.00
4495,0.00
4496,0.00
4497,0.00
4498,-0.00
4499,-0.00
4500,0.00
4501,0.00
4502,0.00
4503,0.00
4504,0.00
4505,0.00
4506,0.00
4507,0.00
4508,0.00
4509,0.00
4510,0.00
4511,0.00
4512,0.00
4513,0.00
4514,0.00
4515,0.00
4516,0.00
4517,0.00
4518,0.00
4519,0.00
4520,0.00
4521,0.00
4522,0.00
4523,0.00
4524,0.00
4525,0.00
4526,0.00
4527,0.00
4528,-0.00
4529,-0.00
4530,0.00
4531,0.00
4532,0.00
4533,0.00
4534,0.00
4535,0.00
4536,0.00
4537,0.00
4538,0.00
4539,0.00
4540,0.00
4541,0.00
4542,0.00
4543,0.00
4544,0.00
4545,0.00
4546,0.00
4547,0.00
4548,0.00
4549,0.00
4550,0.00
4551,0.00
4552,0.00
4553,0.00
4554,0.00
4555,0.00
4556,0.00
4557,0.00
4558,-0.00
4559,-0.00
4560,0.00
4561,0.00
4562,0.00
4563,0.00
4564,0.00
4565,0.00
4566,0.00
4567,0.00
4568,0.00
4569,0.00
4570,0.00
4571,0.00
4572,0.00
4573,0.00
4574,0.00
4575,0.00
4576,0.00
4577,0.00
4578,0.00
4579,0.00
4580,0.00
4581,0.00
4582,0.00
4583,0.00
4584,0.00
4585,0.00
4586,0.00
4587,0.00
4588,-0.00
4589,-0.00
4590,0.00
4591,0.00
4592,0.00
4593,0.00
4594,0.00
4595,0.00
4596,0.00
4597,0.00
4598,0.00
4599,0.00
4600,0.00
4601,0.00
4602,0.00
4603,0.00
4604,0.00
4605,0.00
4606,0.00
4607,0.00
4608,0.00
4609,0.00
4610,0.00
4611,0.00
4612,0.00
4613,0.00
4614,0.00
4615,0.00
4616,0.00
4617,0.00
4618,-0.00
4619,-0.00
4620,0.00
4621,0.00
4622,0.00
4623,0.00
4624,0.00
4625,0.00
4626,0.00
4627,0.00
4628,0.00
4629,0.00
4630,0.00
4631,0.00
4632,0.00
4633,0.00
4634,0.00
4635,0.00
4636,0.00
4637,0.00
4638,0.00
4639,0.00
4640,0.00
4641,0.00
4642,0.00
4643,0.00
4644,0.00
4645,0.00
4646,0.00
4647,0.00
4648,-0.00
4649,-0.00
4650,0.00
4651,0.00
4652,0.00
4653,0.00
4654,0.00
4655,0.00
4656,0.00
4657,0.00
4658,0.00
4659,0.00
4660,0.00
4661,0.00
4662,0.00
4663,0.00
4664,0.00
4665,0.00
4666,0.00
4667,0.00
4668,0.00
4669,0.00
4670,0.00
4671,0.00
4672,0.00
4673,0.00
4674,0.00
4675,0.00
4676,0.00
4677,0.00
4678,-0.00
4679,-0.00
4680,0.00
4681,0.00
4682,0.00
4683,0.00
4684,0.00
4685,0.00
4686,0.00
4687,0.00
4688,0.00
4689,0.00
4690,0.00
4691,0.00
4692,0.00
4693,0.00
4694,0.00
4695,0.00
4696,0.00
4697,0.00
4698,0.00
4699,0.00
4700,0.00
4701,0.00
4702,0.00
4703,0.00
4704,0.00
4705,0.00
4706,0.00
4707,0.00
4708,-0.00
4709,-0.00
4710,0.00
4711,0.00
4712,0.00
4713,0.00
4714,0.00
4715,0.00
4716,0.00
4717,0.00
4718,0.00
4719,0.00
4720,0.00
4721,0.00
4722,0.00
4723,0.00
4724,0.00
4725,0.00
4726,0.00
4727,0.00
4728,0.00
4729,0.00
4730,0.00
4731,0.00
4732,0.00
4733,0.00
4734,0.00
4735,0.00
4736,0.00
4737,0.00
4738,-0.00
4739,-0.00
4740,0.00
4741,0.00
4742,0.00
4743,0.00
4744,0.00
4745,0.00
4746,0.00
4747,0.00
4748,0.00
4749,0.00
4750,0.00
4751,0.00
4752,0.00
4753,0.00
4754,0.00
4755,0.00
4756,0.00
4757,0.00
4758,0.00
4759,0.00
4760,0.00
4761,0.00
4762,0.00
4763,0.00
4764,0.00
4765,0.00
4766,0.00
4767,0.00
4768,-0.00
4769,-0.00
4770,0.00
4771,0.00
4772,0.00
4773,0.00
4774,0.00
4775,0.00
4776,0.00
4777,0.00
4778,0.00
4779,0.00
4780,0.00
4781,0.00
4782,0.00
4783,0.00
4784,0.00
4785,0.00
4786,0.00
4787,0.00
4788,0.00
4789,0.00
4790,0.00
4791,0.00
4792,0.00
4793,0.00
4794,0.00
4795,0.00
4796,0.00
4797,0.00
4798,-0.00
4799,-0.00
4800,0.00
4801,0.00
4802,0.00
4803,0.00
4804,0.00
4805,0.00
4806,0.00
4807,0.00
4808,0.00
4809,0.00
4810,0.00
4811,0.00
4812,0.00
4813,0.00
4814,0.00
4815,0.00
4816,0.00
4817,0.00
4818,0.00
4819,0.00
4820,0.00
4821,0.00
4822,0.00
4823,0.00
4824,0.00
4825,0.00
4826,0.00
4827,0.00
4828,-0.00
4829,-0.00
4830,0.00
4831,0.00
4832,0.00
4833,0.00
4834,0.00
4835,0.00
4836,0.00
4837,0.00
4838,0.00
4839,0.00
4840,0.00
4841,0.00
4842,0.00
4843,0.00
4844,0.00
4845,0.00
4846,0.00
4847,0.00
4848,0.00
4849,0.00
4850,0.00
4851,0.00
4852,0.00
4853,0.00
4854,0.00
4855,0.00
4856,0.00
4857,0.00
4858,-0.00
4859,-0.00
4860,0.00
4861,0.00
4862,0.00
4863,0.00
4864,0.00
4865,0.00
4866,0.00
4867,0.00
4868,0.00
4869,0.00
4870,0.00
4871,0.00
4872,0.00
4873,0.00
4874,0.00
4875,0.00
4876,0.00
4877,0.00
4878,0.00
4879,0.00
4880,0.00
4881,0.00
4882,0.00
4883,0.00
4884,0.00
4885,0.00
4886,0.00
4887,0.00
4888,-0.00
4889,-0.00
4890,0.00
4891,0.00
4892,0.00
4893,0.00
4894,0.00
4895,0.00
4896,0.00
4897,0.00
4898,0.00
4899,0.00
4900,0.00
4901,0.00
4902,0.00
4903,0.00
4904,0.00
4905,0.00
4906,0.00
4907,0.00
4908,0.00
4909,0.00
4910,0.00
4911,0.00
4912,0.00
4913,0.00
4914,0.00
4915,0.00
4916,0.00
4917,0.00
4918,-0.00
4919,-0.00
4920,0.00
4921,0.00
4922,0.00
4923,0.00
4924,0.00
4925,0.00
4926,0.00
4927,0.00
4928,0.00
4929,0.00
4930,0.00
4931,0.00
4932,0.00
4933,0.00
4934,0.00
4935,0.00
4936,0.00
4937,0.00
4938,0.00
4939,0.00
4940,0.00
4941,0.00
4942,0.00
4943,0.00
4944,0.00
4945,0.00
4946,0.00
4947,0.00
4948,-0.00
4949,-0.00
4950,0.00
4951,0.00
4952,0.00
4953,0.00
4954,0.00
4955,0.00
4956,0.00
4957,0.00
4958,0.00
4959,0.00
4960,0.00
4961,0.00
4962,0.00
4963,0.00
4964,0.00
4965,0.00
4966,0.00
4967,0.00
4968,0.00
4969,0.00
4970,0.00
4971,0.00
4972,0.00
4973,0.00
4974,0.00
4975,0.00
4976,0.00
4977,0.00
4978,-0.00
4979,-0.00
4980,0.00
4981,0.00
4982,0.00
4983,0.00
4984,0.00
4985,0.00
4986,0.00
4987,0.00
4988,0.00
4989,0.00
4990,0.00
4991,0.00
4992,0.00
4993,0.00
4994,0.00
4995,0.00
4996,0.00
4997,0.00
4998,0.00
4999,0.00
5000,0.00
5001,0.00
5002,0.00
5003,0.00
5004,0.00
5005,0.00
5006,0.00
5007,0.00
5008,-0.00
5009,-0.00
5010,0.00
5011,0.00
5012,0.00
5013,0.00
5014,0.00
5015,0.00
5016,0.00
5017,0.00
5018,0.00
5019,0.00
5020,0.00
5021,0.00
5022,0.00
5023,0.00
5024,0.00
5025,0.00
5026,0.00
5027,0.00
5028,0.00
5029,0.00
5030,0.00
5031,0.00
5032,0.00
5033,0.00
5034,0.00
5035,0.00
5036,0.00
5037,0.00
5038,-0.00
5039,-0.00
5040,0.00
5041,0.00
5042,0.00
5043,0.00
5044,0.00
5045,0.00
5046,0.00
5047,0.00
5048,0.00
5049,0.00
5050,0.00
5051,0.00
5052,0.00
5053,0.00
5054,0.00
5055,0.00
5056,0.00
5057,0.00
5058,0.00
5059,0.00
5060,0.00
5061,0.00
5062,0.00
5063,0.00
5064,0.00
5065,0.00
5066,0.00
5067,0.00
5068,-0.00
5069,-0.00
5070,0.00
5071,0.00
5072,0.00
5073,0.00
5074,0.00
5075,0.00
5076,0.00
5077,0.00
5078,0.00
5079,0.00
5080,0.00
5081,0.00
5082,0.00
5083,0.00
5084,0.00
5085,0.00
5086,0.00
5087,0.00
5088,0.00
5089,0.00
5090,0.00
5091,0.00
5092,0.00
5093,0.00
5094,0.00
5095,0.00
5096,0.00
5097,0.00
5098,-0.00
5099,-0.00
5100,0.00
5101,0.00
5102,0.00
5103,0.00
5104,0.00
5105,0.00
5106,0.00
5107,0.00
5108,0.00
5109,0.00
5110,0.00
5111,0.00
5112,0.00
5113,0.00
5114,0.00
5115,0.00
5116,0.00
5117,0.00
5118,0.00
5119,0.00
5120,0.00
5121,0.00
5122,0.00
5123,0.00
5124,0.00
5125,0.00
5126,0.00
5127,0.00
5128,-0.00
5129,-0.00
5130,0.00
5131,0.00
5132,0.00
5133,0.00
5134,0.00
5135,0.00
5136,0.00
5137,0.00
5138,0.00
5139,0.00
5140,0.00
5141,0.00
5142,0.00
5143,0.00
5144,0.00
5145,0.00
5146,0.00
5147,0.00
5148,0.00
5149,0.00
5150,0.00
5151,0.00
5152,0.00
5153,0.00
5154,0.00
5155,0.00
5156,0.00
5157,0.00
5158,-0.00
5159,-0.00
5160,0.00
5161,0.00
5162,0.00
5163,0.00
5164,0.00
5165,0.00
5166,0.00
5167,0.00
5168,0.00
5169,0.00
5170,0.00
5171,0.00
5172,0.00
5173,0.00
5174,0.00
5175,0.00
5176,0.00
5177,0.00
5178,0.00
5179,0.00
5180,0.00
5181,0.00
5182,0.00
5183,0.00
5184,0.00
5185,0.00
5186,0.00
5187,0.00
5188,-0.00
5189,-0.00
5190,0.00
5191,0.00
5192,0.00
5193,0.00
5194,0.00
5195,0.00
5196,0.00
5197,0.00
5198,0.00
5199,0.00
5200,0.00
5201,0.00
5202,0.00
5203,0.00
5204,0.00
5205,0.00
5206,0.00
5207,0.00
5208,0.00
5209,0.00
5210,0.00
5211,0.00
5212,0.00
5213,0.00
5214,0.00
5215,0.00
5216,0.00
5217,0.00
5218,-0.00
5219,-0.00
5220,0.00
5221,0.00
5222,0.00
5223,0.00
5224,0.00
5225,0.00
5226,0.00
5227,0.00
5228,0.00
5229,0.00
5230,0.00
5231,0.00
5232,0.00
5233,0.00
5234,0.00
5235,0.00
5236,0.00
5237,0.00
5238,0.00
5239,0.00
5240,0.00
5241,0.00
5242,0.00
5243,0.00
5244,0.00
5245,0.00
5246,0.00
5247,0.00
5248,-0.00
5249,-0.00
5250,0.00
5251,0.00
5252,0.00
5253,0.00
5254,0.00
5255,0.00
5256,0.00
5257,0.00
5258,0.00
5259,0.00
5260,0.00
5261,0.00
5262,0.00
5263,0.00
5264,0.00
5265,0.00
5266,0.00
5267,0.00
5268,0.00
5269,0.00
5270,0.00
5271,0.00
5272,0.00
5273,0.00
5274,0.00
5275,0.00
5276,0.00
5277,0.00
5278,-0.00
5279,-0.00
5280,0.00
5281,0.00
5282,0.00
5283,0.00
5284,0.00
5285,0.00
5286,0.00
5287,0.00
5288,0.00
5289,0.00
5290,0.00
5291,0.00
5292,0.00
5293,0.00
5294,0.00
5295,0.00
5296,0.00
5297,0.00
5298,0.00
5299,0.00
5300,0.00
5301,0.00
5302,0.00
5303,0.00
5304,0.00
5305,0.00
5306,0.00
5307,0.00
5308,-0.00
5309,-0.00
5310,0.00
5311,0.00
5312,0.00
5313,0.00
5314,0.00
5315,0.00
5316,0.00
5317,0.00
5318,0.00
5319,0.00
5320,0.00
5321,0.00
5322,0.00
5323,0.00
5324,0.00
5325,0.00
5326,0.00
5327,0.00
5328,0.00
5329,0.00
5330,0.00
5331,0.00
5332,0.00
5333,0.00
5334,0.00
5335,0.00
5336,0.00
5337,0.00
5338,-0.00
5339,-0.00
5340,0.00
5341,0.00
5342,0.00
5343,0.00
5344,0.00
5345,0.00
5346,0.00
5347,0.00
5348,0.00
5349,0.00
5350,0.00
5351,0.00
5352,0.00
5353,0.00
5354,0.00
5355,0.00
5356,0.00
5357,0.00
5358,0.00
5359,0.00
5360,0.00
5361,0.00
5362,0.00
5363,0.00
5364,0.00
5365,0.00
5366,0.00
5367,0.00
5368,-0.00
5369,-0.00
5370,0.00
5371,0.00
5372,0.00
5373,0.00
5374,0.00
5375,0.00
5376,0.00
5377,0.00
5378,0.00
5379,0.00
5380,0.00
5381,0.00
5382,0.00
5383,0.00
5384,0.00
5385,0.00
5386,0.00
5387,0.00
5388,0.00
5389,0.00
5390,0.00
5391,0.00
5392,0.00
5393,0.00
5394,0.00
5395,0.00
5396,0.00
5397,0.00
5398,-0.00
5399,-0.00
5400,0.00
5401,0.00
5402,0.00
5403,0.00
5404,0.00
5405,0.00
5406,0.00
5407,0.00
5408,0.00
5409,0.00
5410,0.00
5411,0.00
5412,0.00
5413,0.00
5414,0.00
5415,0.00
5416,0.00
5417,0.00
5418,0.00
5419,0.00
5420,0.00
5421,0.00
5422,0.00
5423,0.00
5424,0.00
5425,0.00
5426,0.00
5427,0.00
5428,-0.00
5429,-0.00
5430,0.00
5431,0.00
5432,0.00
5433,0.00
5434,0.00
5435,0.00
5436,0.00
5437,0.00
5438,0.00
5439,0.00
5440,0.00
5441,0.00
5442,0.00
5443,0.00
5444,0.00
5445,0.00
5446,0.00
5447,0.00
5448,0.00
5449,0.00
5450,0.00
5451,0.00
5452,0.00
5453,0.00
5454,0.00
5455,0.00
5456,0.00
5457,0.00
5458,-0.00
5459,-0.00
5460,0.00
5461,0.00
5462,0.00
5463,0.00
5464,0.00
5465,0.00
5466,0.00
5467,0.00
5468,0.00
5469,0.00
5470,0.00
5471,0.00
5472,0.00
5473,0.00
5474,0.00
5475,0.00
5476,0.00
5477,0.00
5478,0.00
5479,0.00
5480,0.00
5481,0.00
5482,0.00
5483,0.00
5484,0.00
5485,0.00
5486,0.00
5487,0.00
5488,-0.00
5489,-0.00
5490,0.00
5491,0.00
5492,0.00
5493,0.00
5494,0.00
5495,0.00
5496,0.00
5497,0.00
5498,0.00
5499,0.00
5500,0.00
5501,0.00
5502,0.00
5503,0.00
5504,0.00
5505,0.00
5506,0.00
5507,0.00
5508,0.00
5509,0.00
5510,0.00
5511,0.00
5512,0.00
5513,0.00
5514,0.00
5515,0.00
5516,0.00
5517,0.00
5518,-0.00
5519,-0.00
5520,0.00
5521,0.00
5522,0.00
5523,0.00
5524,0.00
5525,0.00
5526,0.00
5527,0.00
5528,0.00
5529,0.00
5530,0.00
5531,0.00
5532,0.00
5533,0.00
5534,0.00
5535,0.00
5536,0.00
5537,0.00
5538,0.00
5539,0.00
5540,0.00
5541,0.00
5542,0.00
5543,0.00
5544,0.00
5545,0.00
5546,0.00
5547,0.00
5548,-0.00
5549,-0.00
5550,0.00
5551,0.00
5552,0.00
5553,0.00
5554,0.00
5555,0.00
5556,0.00
5557,0.00
5558,0.00
5559,0.00
5560,0.00
5561,0.00
5562,0.00
5563,0.00
5564,0.00
5565,0.00
5566,0.00
5567,0.00
5568,0.00
5569,0.00
5570,0.00
5571,0.00
5572,0.00
5573,0.00
5574,0.00
5575,0.00
5576,0.00
5577,0.00
5578,-0.00
5579,-0.00
5580,0.00
5581,0.00
5582,0.00
5583,0.00
5584,0.00
5585,0.00
5586,0.00
5587,0.00
5588,0.00
5589,0.00
5590,0.00
5591,0.00
5592,0.00
5593,0.00
5594,0.00
5595,0.00
5596,0.00
5597,0.00
5598,0.00
5599,0.00
5600,0.00
5601,0.00
5602,0.00
5603,0.00
5604,0.00
5605,0.00
5606,0.00
5607,0.00
5608,-0.00
5609,-0.00
5610,0.00
5611,0.00
5612,0.00
5613,0.00
5614,0.00
5615,0.00
5616,0.00
5617,0.00
5618,0.00
5619,0.00
5620,0.00
5621,0.00
5622,0.00
5623,0.00
5624,0.00
5625,0.00
5626,0.00
5627,0.00
5628,0.00
5629,0.00
5630,0.00
5631,0.00
5632,0.00
5633,0.00
5634,0.00
5635,0.00
5636,0.00
5637,0.00
5638,-0.00
5639,-0.00
5640,0.00
5641,0.00
5642,0.00
5643,0.00
5644,0.00
5645,0.00
5646,0.00
5647,0.00
5648,0.00
5649,0.00
5650,0.00
5651,0.00
5652,0.00
5653,0.00
5654,0.00
5655,0.00
5656,0.00
5657,0.00
5658,0.00
5659,0.00
5660,0.00
5661,0.00
5662,0.00
5663,0.00
5664,0.00
5665,0.00
5666,0.00
5667,0.00
5668,-0.00
5669,-0.00
5670,0.00
5671,0.00
5672,0.00
5673,0.00
5674,0.00
5675,0.00
5676,0.00
5677,0.00
5678,0.00
5679,0.00
5680,0.00
5681,0.00
5682,0.00
5683,0.00
5684,0.00
5685,0.00
5686,0.00
5687,0.00
5688,0.00
5689,0.00
5690,0.00
5691,0.00
5692,0.00
5693,0.00
5694,0.00
5695,0.00
5696,0.00
5697,0.00
5698,-0.00
5699,-0.00
5700,0.00
5701,0.00
5702,0.00
5703,0.00
5704,0.00
5705,0.00
5706,0.00
5707,0.00
5708,0.00
5709,0.00
5710,0.00
5711,0.00
5712,0.00
5713,0.00
5714,0.00
5715,0.00
5716,0.00
5717,0.00
5718,0.00
5719,0.00
5720,0.00
5721,0.00
5722,0.00
5723,0.00
5724,0.00
5725,0.00
5726,0.00
5727,0.00
5728,-0.00
5729,-0.00
5730,0.00
5731,0.00
5732,0.00
5733,0.00
5734,0.00
5735,0.00
5736,0.00
5737,0.00
5738,0.00
5739,0.00
5740,0.00
5741,0.00
5742,0.00
5743,0.00
5744,0.00
5745,0.00
5746,0.00
5747,0.00
5748,0.00
5749,0.00
5750,0.00
5751,0.00
5752,0.00
5753,0.00
5754,0.00
5755,0.00
5756,0.00
5757,0.00
5758,-0.00
5759,-0.00
5760,0.00
5761,0.00
5762,0.00
5763,0.00
5764,0.00
5765,0.00
5766,0.00
5767,0.00
5768,0.00
5769,0.00
5770,0.00
5771,0.00
5772,0.00
5773,0.00
5774,0.00
5775,0.00
5776,0.00
5777,0.00
5778,0.00
5779,0.00
5780,0.00
5781,0.00
5782,0.00
5783,0.00
5784,0.00
5785,0.00
5786,0.00
5787,0.00
5788,-0.00
5789,-0.00
5790,0.00
5791,0.00
5792,0.00
5793,0.00
5794,0.00
5795,0.00
5796,0.00
5797,0.00
5798,0.00
5799,0.00
5800,0.00
5801,0.00
5802,0.00
5803,0.00
5804,0.00
5805,0.00
5806,0.00
5807,0.00
5808,0.00
5809,0.00
5810,0.00
5811,0.00
5812,0.00
5813,0.00
5814,0.00
5815,0.00
5816,0.00
5817,0.00
5818,-0.00
5819,-0.00
5820,0.00
5821,0.00
5822,0.00
5823,0.00
5824,0.00
5825,0.00
5826,0.00
5827,0.00
5828,0.00
5829,0.00
5830,0.00
5831,0.00
5832,0.00
5833,0.00
5834,0.00
5835,0.00
5836,0.00
5837,0.00
5838,0.00
5839,0.00
5840,0.00
5841,0.00
5842,0.00
5843,0.00
5844,0.00
5845,0.00
5846,0.00
5847,0.00
5848,-0.00
5849,-0.00
5850,0.00
5851,0.00
5852,0.00
5853,0.00
5854,0.00
5855,0.00
5856,0.00
5857,0.00
5858,0.00
5859,0.00
5860,0.00
5861,0.00
5862,0.00
5863,0.00
5864,0.00
5865,0.00
5866,0.00
5867,0.00
5868,0.00
5869,0.00
5870,0.00
5871,0.00
5872,0.00
5873,0.00
5874,0.00
5875,0.00
5876,0.00
5877,0.00
5878,-0.00
5879,-0.00
5880,0.00
5881,0.00
5882,0.00
5883,0.00
5884,0.00
5885,0.00
5886,0.00
5887,0.00
5888,0.00
5889,0.00
5890,0.00
5891,0.00
5892,0.00
5893,0.00
5894,0.00
5895,0.00
5896,0.00
5897,0.00
5898,0.00
5899,0.00
5900,0.00
5901,0.00
5902,0.00
5903,0.00
5904,0.00
5905,0.00
5906,0.00
5907,0.00
5908,-0.00
5909,-0.00
5910,0.00
5911,0.00
5912,0.00
5913,0.00
5914,0.00
5915,0.00
5916,0.00
5917,0.00
5918,0.00
5919,0.00
5920,0.00
5921,0.00
5922,0.00
5923,0.00
5924,0.00
5925,0.00
5926,0.00
5927,0.00
5928,0.00
5929,0.00
5930,0.00
5931,0.00
5932,0.00
5933,0.00
5934,0.00
5935,0.00
5936,0.00
5937,0.00
5938,-0.00
5939,-0.00
5940,0.00
5941,0.00
5942,0.00
5943,0.00
5944,0.00
5945,0.00
5946,0.00
5947,0.00
5948,0.00
5949,0.00
5950,0.00
5951,0.00
5952,0.00
5953,0.00
5954,0.00
5955,0.00
5956,0.00
5957,0.00
5958,0.00
5959,0.00
5960,0.00
5961,0.00
5962,0.00
5963,0.00
5964,0.00
5965,0.00
5966,0.00
5967,0.00
5968,-0.00
5969,-0.00
5970,0.00
5971,0.00
5972,0.00
5973,0.00
5974,0.00
5975,0.00
5976,0.00
5977,0.00
5978,0.00
5979,0.00
5980,0.00
5981,0.00
5982,0.00
5983,0.00
5984,0.00
5985,0.00
5986,0.00
5987,0.00
5988,0.00
5989,0.00
5990,0.00
5991,0.00
5992,0.00
5993,0.00
5994,0.00
5995,0.00
5996,0.00
5997,0.00
5998,-0.00
5999,-0.00
